{"cameraMode":{"drawMode":0,"name":"Shaded","section":"Shading Mode"},"sceneLighting":false,"audioPlay":false,"sceneViewState":{"showFog":false,"showMaterialUpdate":true,"showSkybox":false,"showFlares":false,"showImageEffects":true,"showParticleSystems":false},"in2DMode":false,"pivot":{"x":20.767364501953126,"y":7.189317226409912,"z":-2.0210092067718508},"rotation":{"x":-0.06799522787332535,"y":0.7080090641975403,"z":-0.06882305443286896,"w":-0.6995508074760437},"size":1.7890723943710328,"orthographic":false}