{"cameraMode":{"drawMode":0,"name":"Shaded","section":"Shading Mode"},"sceneLighting":false,"audioPlay":false,"sceneViewState":{"showFog":false,"showMaterialUpdate":true,"showSkybox":false,"showFlares":false,"showImageEffects":true,"showParticleSystems":false},"in2DMode":false,"pivot":{"x":-0.18745297193527223,"y":7.3712921142578129,"z":-0.5180559754371643},"rotation":{"x":0.00032382647623308003,"y":0.9985266923904419,"z":-0.005991602316498756,"w":0.05397304147481918},"size":15.834545135498047,"orthographic":false}