{"cameraMode":{"drawMode":0,"name":"Shaded","section":"Shading Mode"},"sceneLighting":true,"audioPlay":false,"sceneViewState":{"showFog":false,"showMaterialUpdate":true,"showSkybox":false,"showFlares":false,"showImageEffects":true,"showParticleSystems":false},"in2DMode":false,"pivot":{"x":658.5426025390625,"y":-11.98550033569336,"z":163.60986328125},"rotation":{"x":0.03532053157687187,"y":-0.19217045605182649,"z":0.0069212112575769428,"w":0.98070228099823},"size":373.6883239746094,"orthographic":false}